node,nodeID,root node,root node ID,biodomain
cytosolic ribosome assembly,GO:0042256,biological_process,GO:0008150,"RNA Spliceosome, Proteostasis, Cell Cycle, Autophagy, Structural Stabilization"
DNA protection,GO:0042262,biological_process,GO:0008150,"Oxidative Stress, DNA Repair, Apoptosis, Epigenetic, Autophagy"
natural killer cell mediated cytotoxicity,GO:0042267,biological_process,GO:0008150,"Immune Response, Apoptosis, Synapse, Endolysosome, Unknown"
regulation of natural killer cell mediated cytotoxicity,GO:0042269,biological_process,GO:0008150,"Immune Response, Apoptosis, Endolysosome, Autophagy, Oxidative Stress"
protection from natural killer cell mediated cytotoxicity,GO:0042270,biological_process,GO:0008150,"ERROR: Error code: 400 - {'error': {'message': ""The length of your prompt exceeds the model's max input limit 65536. Please reduce the length of your prompt and try again."", 'type': 'invalid_request_error', 'param': None, 'code': 'invalid_request_error'}}"
susceptibility to natural killer cell mediated cytotoxicity,GO:0042271,biological_process,GO:0008150,"ERROR: Error code: 400 - {'error': {'message': ""The length of your prompt exceeds the model's max input limit 65536. Please reduce the length of your prompt and try again."", 'type': 'invalid_request_error', 'param': None, 'code': 'invalid_request_error'}}"
nuclear RNA export factor complex,GO:0042272,cellular_component,GO:0005575,"RNA Spliceosome, Structural Stabilization, Proteostasis, Epigenetic, Cell Cycle"
ribosomal large subunit biogenesis,GO:0042273,biological_process,GO:0008150,"Proteostasis, Cell Cycle, RNA Spliceosome, Epigenetic, Structural Stabilization"
ribosomal small subunit biogenesis,GO:0042274,biological_process,GO:0008150,"Proteostasis, RNA Spliceosome, Structural Stabilization, Unknown, Cellular Process"
error-free postreplication DNA repair,GO:0042275,biological_process,GO:0008150,"DNA Repair, Cell Cycle, Epigenetic, Proteostasis, Unknown"
error-prone translesion synthesis,GO:0042276,biological_process,GO:0008150,"DNA Repair, Cell Cycle, Oxidative Stress, Epigenetic, DNA Metabolism"
peptide binding,GO:0042277,molecular_function,GO:0003674,"Proteostasis, Synapse, Immune Response, Apoptosis, Cell Cycle"
purine nucleoside metabolic process,GO:0042278,biological_process,GO:0008150,"Mitochondrial Metabolism, Lipid Metabolism, Proteostasis, Oxidative Stress, Autophagy"
"dolichyl pyrophosphate Man9GlcNAc2 alpha-1,3-glucosyltransferase activity",GO:0042281,molecular_function,GO:0003674,"Proteostasis, Lipid Metabolism, Autophagy, Endolysosome, Unknown"
"dolichyl pyrophosphate Glc1Man9GlcNAc2 alpha-1,3-glucosyltransferase activity",GO:0042283,molecular_function,GO:0003674,"Lipid Metabolism, Proteostasis, Endolysosome, Autophagy, Epigenetic"
sphingolipid delta-4 desaturase activity,GO:0042284,molecular_function,GO:0003674,"Lipid Metabolism, Oxidative Stress, Metal Binding and Homeostasis, Endolysosome, Autophagy"
xylosyltransferase activity,GO:0042285,molecular_function,GO:0003674,"Proteostasis, Lipid Metabolism, Structural Stabilization, Endolysosome, Autophagy"
MHC protein binding,GO:0042287,molecular_function,GO:0003674,"Immune Response, Proteostasis, Endolysosome, Autophagy, Apoptosis"
MHC class I protein binding,GO:0042288,molecular_function,GO:0003674,"Immune Response, Proteostasis, Endolysosome, Autophagy, Apoptosis"
MHC class II protein binding,GO:0042289,molecular_function,GO:0003674,"Immune Response, Endolysosome, Autophagy, Proteostasis, Apoptosis"
URM1 activating enzyme activity,GO:0042292,molecular_function,GO:0003674,"Proteostasis, Oxidative Stress, Metal Binding and Homeostasis, Autophagy, Unknown"
ISG15 transferase activity,GO:0042296,molecular_function,GO:0003674,"Proteostasis, Immune Response, Autophagy, Endolysosome, Apoptosis"
vocal learning,GO:0042297,biological_process,GO:0008150,"Synapse,Behavior,Cognition,Learning or Memory,Auditory Behavior"
phosphate ion binding,GO:0042301,molecular_function,GO:0003674,"Mitochondrial Metabolism, Proteostasis, Oxidative Stress, Metal Binding and Homeostasis, Lipid Metabolism"
regulation of fatty acid biosynthetic process,GO:0042304,biological_process,GO:0008150,"Lipid Metabolism, Mitochondrial Metabolism, Autophagy, Proteostasis, Oxidative Stress"
regulation of protein import into nucleus,GO:0042306,biological_process,GO:0008150,"Proteostasis, DNA Repair, Epigenetic, Cell Cycle, Structural Stabilization"
positive regulation of protein import into nucleus,GO:0042307,biological_process,GO:0008150,"ERROR: Error code: 400 - {'error': {'message': ""The length of your prompt exceeds the model's max input limit 65536. Please reduce the length of your prompt and try again."", 'type': 'invalid_request_error', 'param': None, 'code': 'invalid_request_error'}}"
negative regulation of protein import into nucleus,GO:0042308,biological_process,GO:0008150,"ERROR: Error code: 400 - {'error': {'message': ""The length of your prompt exceeds the model's max input limit 65536. Please reduce the length of your prompt and try again."", 'type': 'invalid_request_error', 'param': None, 'code': 'invalid_request_error'}}"
homoiothermy,GO:0042309,biological_process,GO:0008150,"Mitochondrial Metabolism, Lipid Metabolism, Oxidative Stress, Autophagy, Proteostasis"
vasoconstriction,GO:0042310,biological_process,GO:0008150,"Vasculature, Structural Stabilization, Oxidative Stress, Proteostasis, Autophagy"
vasodilation,GO:0042311,biological_process,GO:0008150,"Vasculature, Oxidative Stress, Immune Response, Lipid Metabolism, Proteostasis"
protein kinase C deactivation,GO:0042313,biological_process,GO:0008150,"Synapse, Proteostasis, Oxidative Stress, Apoptosis, Vasculature"
"regulation of circadian sleep/wake cycle, REM sleep",GO:0042320,biological_process,GO:0008150,"Synapse, Autophagy, Oxidative Stress, Proteostasis, Mitochondrial Metabolism"
"negative regulation of circadian sleep/wake cycle, sleep",GO:0042321,biological_process,GO:0008150,"Synapse, Autophagy, Oxidative Stress, Proteostasis, Unknown"
"negative regulation of circadian sleep/wake cycle, REM sleep",GO:0042322,biological_process,GO:0008150,"Synapse, Proteostasis, Autophagy, Oxidative Stress, Endolysosome"
"negative regulation of circadian sleep/wake cycle, non-REM sleep",GO:0042323,biological_process,GO:0008150,"Synapse, Proteostasis, Autophagy, Oxidative Stress, Mitochondrial Metabolism"
regulation of phosphorylation,GO:0042325,biological_process,GO:0008150,"Proteostasis, Autophagy, Apoptosis, Cell Cycle, Epigenetic"
negative regulation of phosphorylation,GO:0042326,biological_process,GO:0008150,"Proteostasis, Cell Cycle, Autophagy, Mitochondrial Metabolism, Oxidative Stress"
positive regulation of phosphorylation,GO:0042327,biological_process,GO:0008150,"Proteostasis, Cell Cycle, Mitochondrial Metabolism, Autophagy, Lipid Metabolism"
heparan sulfate N-acetylglucosaminyltransferase activity,GO:0042328,molecular_function,GO:0003674,"Lipid Metabolism, Proteostasis, APP Metabolism, Structural Stabilization, Immune Response"
cuticle development,GO:0042335,biological_process,GO:0008150,"Structural Stabilization, Lipid Metabolism, Proteostasis, Epigenetic, Oxidative Stress"
keratan sulfate proteoglycan metabolic process,GO:0042339,biological_process,GO:0008150,"Structural Stabilization, Proteostasis, Synapse, Myelination, Vasculature"
keratan sulfate proteoglycan catabolic process,GO:0042340,biological_process,GO:0008150,"Proteostasis, Endolysosome, Autophagy, Lipid Metabolism, APP Metabolism"
GDP-L-fucose biosynthetic process,GO:0042350,biological_process,GO:0008150,"Lipid Metabolism, Immune Response, Proteostasis, Autophagy, Endolysosome"
'de novo' GDP-L-fucose biosynthetic process,GO:0042351,biological_process,GO:0008150,"Lipid Metabolism, Unknown, Immune Response, Proteostasis, Endolysosome"
GDP-L-fucose salvage,GO:0042352,biological_process,GO:0008150,"Lipid Metabolism, Proteostasis, Immune Response, Unknown, Autophagy"
L-fucose catabolic process,GO:0042355,biological_process,GO:0008150,"Endolysosome, Autophagy, Mitochondrial Metabolism, Lipid Metabolism, Unknown"
GDP-4-dehydro-D-rhamnose reductase activity,GO:0042356,molecular_function,GO:0003674,"Oxidative Stress, Mitochondrial Metabolism, Lipid Metabolism, Unknown, Endolysosome"
thiamine diphosphate metabolic process,GO:0042357,biological_process,GO:0008150,"Mitochondrial Metabolism, Oxidative Stress, Lipid Metabolism, Proteostasis, Unknown"
vitamin D metabolic process,GO:0042359,biological_process,GO:0008150,"Lipid Metabolism, Mitochondrial Metabolism, Oxidative Stress, Metal Binding and Homeostasis, Unknown"
vitamin E metabolic process,GO:0042360,biological_process,GO:0008150,"Oxidative Stress, Lipid Metabolism, Mitochondrial Metabolism, Proteostasis, Autophagy"
menaquinone catabolic process,GO:0042361,biological_process,GO:0008150,"Lipid Metabolism, Mitochondrial Metabolism, Oxidative Stress, Proteostasis, Autophagy"
vitamin D biosynthetic process,GO:0042368,biological_process,GO:0008150,"Lipid Metabolism, Mitochondrial Metabolism, Oxidative Stress, Metal Binding and Homeostasis, Immune Response"
vitamin D catabolic process,GO:0042369,biological_process,GO:0008150,"Lipid Metabolism, Mitochondrial Metabolism, Proteostasis, Oxidative Stress, Autophagy"
vitamin K biosynthetic process,GO:0042371,biological_process,GO:0008150,"Lipid Metabolism, Mitochondrial Metabolism, Oxidative Stress, Metal Binding and Homeostasis, Autophagy"
vitamin K metabolic process,GO:0042373,biological_process,GO:0008150,"Lipid Metabolism, Mitochondrial Metabolism, Oxidative Stress, Metal Binding and Homeostasis, Proteostasis"
phylloquinone metabolic process,GO:0042374,biological_process,GO:0008150,"Lipid Metabolism, Metal Binding and Homeostasis, Vasculature, Oxidative Stress, Unknown"
phylloquinone catabolic process,GO:0042376,biological_process,GO:0008150,"Lipid Metabolism, Mitochondrial Metabolism, Oxidative Stress, Autophagy, Proteostasis"
vitamin K catabolic process,GO:0042377,biological_process,GO:0008150,"Lipid Metabolism, Autophagy, Endolysosome, Oxidative Stress, Proteostasis"
chemokine receptor binding,GO:0042379,molecular_function,GO:0003674,"Immune Response, Vasculature, Endolysosome, Apoptosis, Proteostasis"
paraspeckles,GO:0042382,cellular_component,GO:0005575,"RNA Spliceosome, Epigenetic, Proteostasis, Autophagy, Cell Cycle"
sarcolemma,GO:0042383,cellular_component,GO:0005575,"Structural Stabilization, Proteostasis, Lipid Metabolism, Vasculature, Endolysosome"
regulation of membrane potential,GO:0042391,biological_process,GO:0008150,"Synapse, Mitochondrial Metabolism, Oxidative Stress, Proteostasis, Endolysosome"
sphingosine-1-phosphate phosphatase activity,GO:0042392,molecular_function,GO:0003674,"Lipid Metabolism, Endolysosome, Autophagy, Apoptosis, Immune Response"
histone binding,GO:0042393,molecular_function,GO:0003674,"Epigenetic,DNA Repair,Proteostasis,Cell Cycle,Autophagy"
biogenic amine biosynthetic process,GO:0042401,biological_process,GO:0008150,"Mitochondrial Metabolism, Synapse, Lipid Metabolism, Immune Response, Metal Binding and Homeostasis"
thyroid hormone metabolic process,GO:0042403,biological_process,GO:0008150,"Mitochondrial Metabolism, Lipid Metabolism, Metal Binding and Homeostasis, Oxidative Stress, Autophagy"
thyroid hormone catabolic process,GO:0042404,biological_process,GO:0008150,"Endolysosome, Metal Binding and Homeostasis, Proteostasis, Autophagy, Lipid Metabolism"
nuclear inclusion body,GO:0042405,cellular_component,GO:0005575,"Proteostasis, Autophagy, Apoptosis, Oxidative Stress, Endolysosome"
extrinsic component of endoplasmic reticulum membrane,GO:0042406,cellular_component,GO:0005575,"Endolysosome, Proteostasis, Lipid Metabolism, Autophagy, APP Metabolism"
cristae formation,GO:0042407,biological_process,GO:0008150,"Mitochondrial Metabolism, Structural Stabilization, Proteostasis, Autophagy, Oxidative Stress"
taurine biosynthetic process,GO:0042412,biological_process,GO:0008150,"Mitochondrial Metabolism, Lipid Metabolism, Metal Binding and Homeostasis, Oxidative Stress, Proteostasis"
carnitine catabolic process,GO:0042413,biological_process,GO:0008150,"Mitochondrial Metabolism, Lipid Metabolism, Autophagy, Proteostasis, Oxidative Stress"
epinephrine metabolic process,GO:0042414,biological_process,GO:0008150,"Mitochondrial Metabolism, Synapse, Oxidative Stress, Lipid Metabolism, Immune Response"
norepinephrine metabolic process,GO:0042415,biological_process,GO:0008150,"Mitochondrial Metabolism, Oxidative Stress, Synapse, Lipid Metabolism, Proteostasis"
dopamine biosynthetic process,GO:0042416,biological_process,GO:0008150,"Synapse, Mitochondrial Metabolism, Metal Binding and Homeostasis, Oxidative Stress, Proteostasis"
dopamine metabolic process,GO:0042417,biological_process,GO:0008150,"Mitochondrial Metabolism, Synapse, Oxidative Stress, Proteostasis, Endolysosome"
epinephrine biosynthetic process,GO:0042418,biological_process,GO:0008150,"Mitochondrial Metabolism, Oxidative Stress, Immune Response, Vasculature, Unknown"
dopamine catabolic process,GO:0042420,biological_process,GO:0008150,"Mitochondrial Metabolism, Oxidative Stress, Synapse, Apoptosis, Unknown"
norepinephrine biosynthetic process,GO:0042421,biological_process,GO:0008150,"Mitochondrial Metabolism, Metal Binding and Homeostasis, Synapse, Lipid Metabolism, Proteostasis"
catecholamine biosynthetic process,GO:0042423,biological_process,GO:0008150,"Mitochondrial Metabolism, Metal Binding and Homeostasis, Oxidative Stress, Synapse, Unknown"
catecholamine catabolic process,GO:0042424,biological_process,GO:0008150,"Mitochondrial Metabolism, Oxidative Stress, Proteostasis, Lipid Metabolism, Autophagy"
choline catabolic process,GO:0042426,biological_process,GO:0008150,"Lipid Metabolism, Mitochondrial Metabolism, Epigenetic, Autophagy, Endolysosome"
serotonin biosynthetic process,GO:0042427,biological_process,GO:0008150,"Synapse, Mitochondrial Metabolism, Proteostasis, Immune Response, Lipid Metabolism"
serotonin metabolic process,GO:0042428,biological_process,GO:0008150,"Synapse, Mitochondrial Metabolism, Oxidative Stress, Lipid Metabolism, Proteostasis"
indole metabolic process,GO:0042431,biological_process,GO:0008150,"Synapse, Proteostasis, Mitochondrial Metabolism, Lipid Metabolism, Oxidative Stress"
melanin biosynthetic process,GO:0042438,biological_process,GO:0008150,"Oxidative Stress, Metal Binding and Homeostasis, Lipid Metabolism, Epigenetic, Autophagy"
pigment metabolic process,GO:0042440,biological_process,GO:0008150,"Lipid Metabolism, Metal Binding and Homeostasis, Mitochondrial Metabolism, Oxidative Stress, Proteostasis"
hormone metabolic process,GO:0042445,biological_process,GO:0008150,"Mitochondrial Metabolism, Lipid Metabolism, Proteostasis, Oxidative Stress, Autophagy"
hormone biosynthetic process,GO:0042446,biological_process,GO:0008150,"Mitochondrial Metabolism, Lipid Metabolism, Proteostasis, Epigenetic, Autophagy"
hormone catabolic process,GO:0042447,biological_process,GO:0008150,"Lipid Metabolism, Proteostasis, Autophagy, Endolysosome, Mitochondrial Metabolism"
progesterone metabolic process,GO:0042448,biological_process,GO:0008150,"Lipid Metabolism, Mitochondrial Metabolism, Oxidative Stress, Proteostasis, Autophagy"
L-arginine biosynthetic process via ornithine,GO:0042450,biological_process,GO:0008150,"Mitochondrial Metabolism, Lipid Metabolism, Proteostasis, Oxidative Stress, Metal Binding and Homeostasis"
photoreceptor cell development,GO:0042461,biological_process,GO:0008150,"Synapse, Structural Stabilization, Vasculature, Endolysosome, Proteostasis"
eye photoreceptor cell development,GO:0042462,biological_process,GO:0008150,"Synapse, Structural Stabilization, Proteostasis, Endolysosome, Vasculature"
melanosome,GO:0042470,cellular_component,GO:0005575,"Endolysosome, Oxidative Stress, Proteostasis, Autophagy, Mitochondrial Metabolism"
ear morphogenesis,GO:0042471,biological_process,GO:0008150,"Synapse, Vasculature, Structural Stabilization, Myelination, Immune Response"
inner ear morphogenesis,GO:0042472,biological_process,GO:0008150,"Structural Stabilization, Synapse, Vasculature, Myelination, Immune Response"
outer ear morphogenesis,GO:0042473,biological_process,GO:0008150,"Structural Stabilization, Vasculature, Immune Response, Endolysosome, Unknown"
middle ear morphogenesis,GO:0042474,biological_process,GO:0008150,"Sensory Organ Development, Embryonic Development, Anatomical Structure Morphogenesis, Developmental Process, Organ Development"
odontogenesis of dentin-containing tooth,GO:0042475,biological_process,GO:0008150,"Structural Stabilization, Cell Cycle, Epigenetic, Autophagy, DNA Repair"
odontogenesis,GO:0042476,biological_process,GO:0008150,"Structural Stabilization, Cell Cycle, Apoptosis, Metal Binding and Homeostasis, Epigenetic"
regulation of eye photoreceptor cell development,GO:0042478,biological_process,GO:0008150,"Synapse, Structural Stabilization, Proteostasis, Cell Cycle, Autophagy"
regulation of odontogenesis,GO:0042481,biological_process,GO:0008150,"Epigenetic, Apoptosis, Proteostasis, Metal Binding and Homeostasis, Cell Cycle"
positive regulation of odontogenesis,GO:0042482,biological_process,GO:0008150,"Structural Stabilization
Cell Cycle
Autophagy
Apoptosis
Unknown"
regulation of odontogenesis of dentin-containing tooth,GO:0042487,biological_process,GO:0008150,"Structural Stabilization, Cell Cycle, Apoptosis, Metal Binding and Homeostasis, Epigenetic"
positive regulation of odontogenesis of dentin-containing tooth,GO:0042488,biological_process,GO:0008150,"Structural Stabilization, Cell Cycle, Epigenetic, DNA Repair, Unknown"
negative regulation of odontogenesis of dentin-containing tooth,GO:0042489,biological_process,GO:0008150,"Structural Stabilization, Apoptosis, Cell Cycle, Epigenetic, Autophagy"
mechanoreceptor differentiation,GO:0042490,biological_process,GO:0008150,"Synapse, Structural Stabilization, Proteostasis, Epigenetic, Cell Cycle"
inner ear auditory receptor cell differentiation,GO:0042491,biological_process,GO:0008150,"Synapse, Structural Stabilization, Cell Differentiation, Sensory System Development, Nervous System Development"
gamma-delta T cell differentiation,GO:0042492,biological_process,GO:0008150,"Immune Response, Cell Cycle, Apoptosis, Autophagy, Unknown"
detection of bacterial lipoprotein,GO:0042494,biological_process,GO:0008150,"Immune Response, Lipid Metabolism, Oxidative Stress, Autophagy, Endolysosome"
detection of triacyl bacterial lipopeptide,GO:0042495,biological_process,GO:0008150,"Immune Response, Lipid Metabolism, Endolysosome, Autophagy, Oxidative Stress"
detection of diacyl bacterial lipopeptide,GO:0042496,biological_process,GO:0008150,"Immune Response, Lipid Metabolism, Endolysosome, Autophagy, Proteostasis"
triacyl lipopeptide binding,GO:0042497,molecular_function,GO:0003674,"Lipid Metabolism, Immune Response, Oxidative Stress, Proteostasis, Endolysosome"
diacyl lipopeptide binding,GO:0042498,molecular_function,GO:0003674,"Lipid Metabolism, Immune Response, Proteostasis, Endolysosome, Autophagy"
"aspartic endopeptidase activity, intramembrane cleaving",GO:0042500,molecular_function,GO:0003674,"Proteostasis, APP Metabolism, Endolysosome, Autophagy, Apoptosis"
regulation of tyrosine phosphorylation of STAT protein,GO:0042509,biological_process,GO:0008150,"Immune Response, Proteostasis, Cell Cycle, Autophagy, Apoptosis"
positive regulation of tyrosine phosphorylation of STAT protein,GO:0042531,biological_process,GO:0008150,"ERROR: Error code: 400 - {'error': {'message': ""The length of your prompt exceeds the model's max input limit 65536. Please reduce the length of your prompt and try again."", 'type': 'invalid_request_error', 'param': None, 'code': 'invalid_request_error'}}"
negative regulation of tyrosine phosphorylation of STAT protein,GO:0042532,biological_process,GO:0008150,"ERROR: Error code: 400 - {'error': {'message': ""The length of your prompt exceeds the model's max input limit 65536. Please reduce the length of your prompt and try again."", 'type': 'invalid_request_error', 'param': None, 'code': 'invalid_request_error'}}"
benzene-containing compound metabolic process,GO:0042537,biological_process,GO:0008150,"Mitochondrial Metabolism, Oxidative Stress, Lipid Metabolism, Proteostasis, Autophagy"
hyperosmotic salinity response,GO:0042538,biological_process,GO:0008150,"Oxidative Stress, Proteostasis, Autophagy, Lipid Metabolism, Structural Stabilization"
hemoglobin biosynthetic process,GO:0042541,biological_process,GO:0008150,"Proteostasis, Mitochondrial Metabolism, Metal Binding and Homeostasis, Lipid Metabolism, Oxidative Stress"
response to hydrogen peroxide,GO:0042542,biological_process,GO:0008150,"Oxidative Stress, Mitochondrial Metabolism, Proteostasis, Autophagy, Apoptosis"
neuron maturation,GO:0042551,biological_process,GO:0008150,"Synapse, Myelination, Structural Stabilization, Cell Cycle, Tau Homeostasis"
myelination,GO:0042552,biological_process,GO:0008150,"Myelination, Synapse, Structural Stabilization, Cell Cycle, Proteostasis"
superoxide anion generation,GO:0042554,biological_process,GO:0008150,"Oxidative Stress, Mitochondrial Metabolism, Immune Response, Proteostasis, Apoptosis"
MCM complex,GO:0042555,cellular_component,GO:0005575,"DNA Repair, Cell Cycle, Proteostasis, Epigenetic, APP Metabolism"
pteridine-containing compound metabolic process,GO:0042558,biological_process,GO:0008150,"Mitochondrial Metabolism, DNA Repair, Epigenetic, Cell Cycle, Lipid Metabolism"
pteridine-containing compound biosynthetic process,GO:0042559,biological_process,GO:0008150,"Mitochondrial Metabolism, Epigenetic, Lipid Metabolism, Oxidative Stress, Metal Binding and Homeostasis"
hormone binding,GO:0042562,molecular_function,GO:0003674,"Mitochondrial Metabolism, Lipid Metabolism, Proteostasis, Cell Cycle, Epigenetic"
NLS-dependent protein nuclear import complex,GO:0042564,cellular_component,GO:0005575,"Proteostasis, Structural Stabilization, Unknown, DNA Repair, Epigenetic"
RNA nuclear export complex,GO:0042565,cellular_component,GO:0005575,"RNA Spliceosome, Proteostasis, Epigenetic, DNA Repair, Autophagy"
insulin-like growth factor ternary complex,GO:0042567,cellular_component,GO:0005575,"Mitochondrial Metabolism, Lipid Metabolism, Proteostasis, Cell Cycle, Vasculature"
insulin-like growth factor binary complex,GO:0042568,cellular_component,GO:0005575,"Proteostasis, Cell Cycle, Autophagy, Apoptosis, Lipid Metabolism"
"immunoglobulin complex, circulating",GO:0042571,cellular_component,GO:0005575,"Immune Response, Proteostasis, Vasculature, Endolysosome, Unknown"
retinol metabolic process,GO:0042572,biological_process,GO:0008150,"Lipid Metabolism, Mitochondrial Metabolism, Oxidative Stress, Metal Binding and Homeostasis, Epigenetic"
retinoic acid metabolic process,GO:0042573,biological_process,GO:0008150,"Lipid Metabolism, Epigenetic, Immune Response, Oxidative Stress, Mitochondrial Metabolism"
retinal metabolic process,GO:0042574,biological_process,GO:0008150,"Lipid Metabolism, Mitochondrial Metabolism, Oxidative Stress, Proteostasis, Autophagy"
lipid phosphatase activity,GO:0042577,molecular_function,GO:0003674,"Lipid Metabolism, Endolysosome, Mitochondrial Metabolism, Autophagy, Apoptosis"
phosphoric ester hydrolase activity,GO:0042578,molecular_function,GO:0003674,"Lipid Metabolism, Proteostasis, Endolysosome, Mitochondrial Metabolism, Autophagy"
specific granule,GO:0042581,cellular_component,GO:0005575,"Immune Response, Oxidative Stress, Endolysosome, Proteostasis, Autophagy"
azurophil granule,GO:0042582,cellular_component,GO:0005575,"Endolysosome, Immune Response, Autophagy, Proteostasis, Apoptosis"
chromaffin granule,GO:0042583,cellular_component,GO:0005575,"Synapse, Proteostasis, Endolysosome, Autophagy, Vasculature"
chromaffin granule membrane,GO:0042584,cellular_component,GO:0005575,"Proteostasis, Endolysosome, Lipid Metabolism, Structural Stabilization, Synapse"
germinal vesicle,GO:0042585,cellular_component,GO:0005575,"Epigenetic, Cell Cycle, Structural Stabilization, DNA Repair, Unknown"
peptide deformylase activity,GO:0042586,molecular_function,GO:0003674,"Proteostasis, Autophagy, Endolysosome, Mitochondrial Metabolism, Apoptosis"
glycogen granule,GO:0042587,cellular_component,GO:0005575,"Mitochondrial Metabolism, Lipid Metabolism, Autophagy, Proteostasis, Endolysosome"
zymogen granule,GO:0042588,cellular_component,GO:0005575,"Proteostasis, Endolysosome, Autophagy, Lipid Metabolism, Structural Stabilization"
zymogen granule membrane,GO:0042589,cellular_component,GO:0005575,"Proteostasis, Endolysosome, Lipid Metabolism, Structural Stabilization, Unknown"
antigen processing and presentation of exogenous peptide antigen via MHC class I,GO:0042590,biological_process,GO:0008150,"Immune Response, Endolysosome, Proteostasis, Autophagy, Apoptosis"
homeostatic process,GO:0042592,biological_process,GO:0008150,"Proteostasis, Metal Binding and Homeostasis, Lipid Metabolism, Autophagy, Endolysosome"
glucose homeostasis,GO:0042593,biological_process,GO:0008150,"Mitochondrial Metabolism, Lipid Metabolism, Vasculature, Metal Binding and Homeostasis, Autophagy"
response to starvation,GO:0042594,biological_process,GO:0008150,"Autophagy, Proteostasis, Mitochondrial Metabolism, Lipid Metabolism, Endolysosome"
behavioral response to starvation,GO:0042595,biological_process,GO:0008150,"Mitochondrial Metabolism, Oxidative Stress, Lipid Metabolism, Autophagy, Proteostasis"
fear response,GO:0042596,biological_process,GO:0008150,"Synapse, Oxidative Stress, Epigenetic, Mitochondrial Metabolism, Vasculature"
lamellar body,GO:0042599,cellular_component,GO:0005575,"Lipid Metabolism, Proteostasis, Endolysosome, Structural Stabilization, Oxidative Stress"
riboflavin reductase (NADPH) activity,GO:0042602,molecular_function,GO:0003674,"Mitochondrial Metabolism, Oxidative Stress, Lipid Metabolism, Metal Binding and Homeostasis, Proteostasis"
peptide antigen binding,GO:0042605,molecular_function,GO:0003674,"Immune Response, Proteostasis, Endolysosome, Autophagy, Apoptosis"
T cell receptor binding,GO:0042608,molecular_function,GO:0003674,"Immune Response, Apoptosis, Proteostasis, Vasculature, Autophagy"
CD4 receptor binding,GO:0042609,molecular_function,GO:0003674,"Immune Response, Proteostasis, Synapse, Apoptosis, Endolysosome"
CD8 receptor binding,GO:0042610,molecular_function,GO:0003674,"Immune Response, Endolysosome, Apoptosis, Proteostasis, Autophagy"
MHC class I protein complex,GO:0042612,cellular_component,GO:0005575,"Immune Response, Proteostasis, Endolysosome, Apoptosis, Structural Stabilization"
MHC class II protein complex,GO:0042613,cellular_component,GO:0005575,"Immune Response, Proteostasis, Endolysosome, Autophagy, Apoptosis"
photoreceptor outer segment membrane,GO:0042622,cellular_component,GO:0005575,"Synapse, Endolysosome, Autophagy, Structural Stabilization, Proteostasis"
ATPase-coupled ion transmembrane transporter activity,GO:0042625,molecular_function,GO:0003674,"Mitochondrial Metabolism, Endolysosome, Metal Binding and Homeostasis, Autophagy, Vasculature"
ATPase-coupled transmembrane transporter activity,GO:0042626,molecular_function,GO:0003674,"Mitochondrial Metabolism, Lipid Metabolism, Metal Binding and Homeostasis, Endolysosome, Proteostasis"
chylomicron,GO:0042627,cellular_component,GO:0005575,"Lipid Metabolism, Proteostasis, Vasculature, Endolysosome, Autophagy"
mating plug formation,GO:0042628,biological_process,GO:0008150,"Proteostasis, Structural Stabilization, Lipid Metabolism, Immune Response, Unknown"
mast cell granule,GO:0042629,cellular_component,GO:0005575,"Endolysosome, Immune Response, Proteostasis, Oxidative Stress, Apoptosis"
cellular response to water deprivation,GO:0042631,biological_process,GO:0008150,"Oxidative Stress, Autophagy, Proteostasis, Apoptosis, Lipid Metabolism"
cholesterol homeostasis,GO:0042632,biological_process,GO:0008150,"Lipid Metabolism, Endolysosome, Mitochondrial Metabolism, Proteostasis, Autophagy"
hair cycle,GO:0042633,biological_process,GO:0008150,"Cell Cycle, Structural Stabilization, Apoptosis, Proteostasis, Autophagy"
regulation of hair cycle,GO:0042634,biological_process,GO:0008150,"Structural Stabilization, Cell Cycle, Proteostasis, Autophagy, Epigenetic"
positive regulation of hair cycle,GO:0042635,biological_process,GO:0008150,"Structural Stabilization, Cell Cycle, Autophagy, Apoptosis, Epigenetic"
negative regulation of hair cycle,GO:0042636,biological_process,GO:0008150,"Apoptosis, Structural Stabilization, Proteostasis, Lipid Metabolism, Autophagy"
actomyosin,GO:0042641,cellular_component,GO:0005575,"Structural Stabilization, Cell Cycle, Proteostasis, Autophagy, Apoptosis"
mitochondrial nucleoid,GO:0042645,cellular_component,GO:0005575,"Mitochondrial Metabolism, DNA Repair, Structural Stabilization, Proteostasis, Epigenetic"
"MHC class II protein binding, via antigen binding groove",GO:0042658,molecular_function,GO:0003674,"Immune Response, Endolysosome, Proteostasis, Autophagy, Apoptosis"
regulation of cell fate specification,GO:0042659,biological_process,GO:0008150,"Cell Cycle, Apoptosis, Autophagy, Proteostasis, Epigenetic"
positive regulation of cell fate specification,GO:0042660,biological_process,GO:0008150,"Epigenetic, Cell Cycle, Developmental Biology, Stem Cell Biology, Gene Regulation"
negative regulation of mesodermal cell fate specification,GO:0042662,biological_process,GO:0008150,"Epigenetic
Cell Cycle
Apoptosis
Vasculature
Unknown"
regulation of endodermal cell fate specification,GO:0042663,biological_process,GO:0008150,"Epigenetic, Cell Cycle, Unknown, Autophagy, Apoptosis"
negative regulation of endodermal cell fate specification,GO:0042664,biological_process,GO:0008150,"Epigenetic
Cell Cycle
Proteostasis
Autophagy
Unknown"
negative regulation of ectodermal cell fate specification,GO:0042666,biological_process,GO:0008150,"Cell Cycle, Epigenetic, Synapse, Autophagy, Apoptosis"
auditory receptor cell fate specification,GO:0042667,biological_process,GO:0008150,"Synapse, Cell Cycle, Epigenetic, Structural Stabilization, Unknown"
auditory receptor cell fate determination,GO:0042668,biological_process,GO:0008150,"Synapse  
Cell Cycle  
Structural Stabilization  
Apoptosis  
Vasculature"
regulation of inner ear auditory receptor cell fate specification,GO:0042669,biological_process,GO:0008150,"Epigenetic, Synapse, Cell Cycle, Proteostasis, Autophagy"
retinal cone cell differentiation,GO:0042670,biological_process,GO:0008150,"Synapse, Structural Stabilization, Cell Cycle, Epigenetic, Autophagy"
muscle cell differentiation,GO:0042692,biological_process,GO:0008150,"Structural Stabilization, Cell Cycle, Proteostasis, Epigenetic, Autophagy"
muscle cell fate commitment,GO:0042693,biological_process,GO:0008150,"Cell Cycle, Epigenetic, Structural Stabilization, Lipid Metabolism, Mitochondrial Metabolism"
muscle cell fate specification,GO:0042694,biological_process,GO:0008150,"Cell Cycle, Structural Stabilization, Vasculature, Epigenetic, Unknown"
ovulation cycle,GO:0042698,biological_process,GO:0008150,"Vasculature, Lipid Metabolism, Cell Cycle, Epigenetic, Immune Response"
follicle-stimulating hormone signaling pathway,GO:0042699,biological_process,GO:0008150,"Reproductive Process, Cell Cycle, Apoptosis, Autophagy, Lipid Metabolism"
luteinizing hormone signaling pathway,GO:0042700,biological_process,GO:0008150,"Lipid Metabolism, Cell Cycle, Epigenetic, Proteostasis, Autophagy"
progesterone secretion,GO:0042701,biological_process,GO:0008150,"Lipid Metabolism, Mitochondrial Metabolism, Autophagy, Endolysosome, Proteostasis"
uterine wall breakdown,GO:0042704,biological_process,GO:0008150,"Apoptosis, Vasculature, Lipid Metabolism, Autophagy, Epigenetic"
succinate-CoA ligase complex,GO:0042709,cellular_component,GO:0005575,"Mitochondrial Metabolism, Oxidative Stress, Lipid Metabolism, Autophagy, Proteostasis"
maternal behavior,GO:0042711,biological_process,GO:0008150,"Reproductive Process, Behavior, Multicellular Organismal Process, Parental Behavior, Reproductive Behavior"
sperm ejaculation,GO:0042713,biological_process,GO:0008150,"Reproductive Process, Male Reproductive System, Multicellular Organismal Process, Behavior, Multi-Organism Process"
mitochondrial intermembrane space protein transporter complex,GO:0042719,cellular_component,GO:0005575,"Mitochondrial Metabolism, Proteostasis, Autophagy, Oxidative Stress, Structural Stabilization"
mitochondrial inner membrane peptidase complex,GO:0042720,cellular_component,GO:0005575,"Mitochondrial Metabolism, Proteostasis, Autophagy, Apoptosis, Oxidative Stress"
TIM22 mitochondrial import inner membrane insertion complex,GO:0042721,cellular_component,GO:0005575,"Mitochondrial Metabolism, Proteostasis, Structural Stabilization, Autophagy, Apoptosis"
thiamine-containing compound metabolic process,GO:0042723,biological_process,GO:0008150,"Mitochondrial Metabolism, Lipid Metabolism, Oxidative Stress, Autophagy, Metal Binding and Homeostasis"
fibrinolysis,GO:0042730,biological_process,GO:0008150,"Vasculature, Immune Response, Proteostasis, Structural Stabilization, Apoptosis"
PH domain binding,GO:0042731,molecular_function,GO:0003674,"Proteostasis, Structural Stabilization, Lipid Metabolism, Synapse, Immune Response"
D-xylose metabolic process,GO:0042732,biological_process,GO:0008150,"Lipid Metabolism, Mitochondrial Metabolism, Unknown, Autophagy, Proteostasis"
embryonic digit morphogenesis,GO:0042733,biological_process,GO:0008150,"Structural Stabilization, Vasculature, Cell Cycle, Epigenetic, Apoptosis"
presynaptic membrane,GO:0042734,cellular_component,GO:0005575,"Synapse, Structural Stabilization, Proteostasis, Endolysosome, Lipid Metabolism"
defense response to bacterium,GO:0042742,biological_process,GO:0008150,"Immune Response, Endolysosome, Autophagy, Apoptosis, Proteostasis"
hydrogen peroxide metabolic process,GO:0042743,biological_process,GO:0008150,"Oxidative Stress, Mitochondrial Metabolism, Apoptosis, Proteostasis, Autophagy"
hydrogen peroxide catabolic process,GO:0042744,biological_process,GO:0008150,"Oxidative Stress, Mitochondrial Metabolism, Proteostasis, Autophagy, Metal Binding and Homeostasis"
circadian sleep/wake cycle,GO:0042745,biological_process,GO:0008150,"Epigenetic,Autophagy,Mitochondrial Metabolism,Lipid Metabolism,Oxidative Stress"
"circadian sleep/wake cycle, REM sleep",GO:0042747,biological_process,GO:0008150,"Synapse, Myelination, Epigenetic, Autophagy, Proteostasis"
"circadian sleep/wake cycle, non-REM sleep",GO:0042748,biological_process,GO:0008150,"Mitochondrial Metabolism, Oxidative Stress, Proteostasis, Autophagy, Apoptosis"
regulation of circadian sleep/wake cycle,GO:0042749,biological_process,GO:0008150,"Synapse, Epigenetic, Autophagy, Mitochondrial Metabolism, Lipid Metabolism"
regulation of circadian rhythm,GO:0042752,biological_process,GO:0008150,"Epigenetic, Autophagy, Lipid Metabolism, Cell Cycle, Oxidative Stress"
positive regulation of circadian rhythm,GO:0042753,biological_process,GO:0008150,"Mitochondrial Metabolism, Oxidative Stress, Proteostasis, Autophagy, Epigenetic"
negative regulation of circadian rhythm,GO:0042754,biological_process,GO:0008150,"Epigenetic, Synapse, Autophagy, Proteostasis, Oxidative Stress"
eating behavior,GO:0042755,biological_process,GO:0008150,"Mitochondrial Metabolism, Lipid Metabolism, Proteostasis, Autophagy, Unknown"
drinking behavior,GO:0042756,biological_process,GO:0008150,"Unknown, Vasculature, Immune Response, Lipid Metabolism, Autophagy"
long-chain fatty acid catabolic process,GO:0042758,biological_process,GO:0008150,"Lipid Metabolism, Mitochondrial Metabolism, Autophagy, Oxidative Stress, Proteostasis"
long-chain fatty acid biosynthetic process,GO:0042759,biological_process,GO:0008150,"Lipid Metabolism, Mitochondrial Metabolism, Autophagy, Proteostasis, Oxidative Stress"
very long-chain fatty acid catabolic process,GO:0042760,biological_process,GO:0008150,"Lipid Metabolism, Mitochondrial Metabolism, Oxidative Stress, Autophagy, Proteostasis"
very long-chain fatty acid biosynthetic process,GO:0042761,biological_process,GO:0008150,"Lipid Metabolism, Myelination, Metal Binding and Homeostasis, Mitochondrial Metabolism, Oxidative Stress"
GPI-anchor transamidase complex,GO:0042765,cellular_component,GO:0005575,"Proteostasis, Lipid Metabolism, Endolysosome, Structural Stabilization, Apoptosis"
signal transduction in response to DNA damage,GO:0042770,biological_process,GO:0008150,"DNA Repair, Oxidative Stress, Apoptosis, Cell Cycle, Proteostasis"
intrinsic apoptotic signaling pathway in response to DNA damage by p53 class mediator,GO:0042771,biological_process,GO:0008150,"Apoptosis, DNA Repair, Cell Cycle, Mitochondrial Metabolism, Oxidative Stress"
"DNA damage response, signal transduction resulting in transcription",GO:0042772,biological_process,GO:0008150,"DNA Repair, Cell Cycle, Epigenetic, Autophagy, Apoptosis"
ATP synthesis coupled electron transport,GO:0042773,biological_process,GO:0008150,"Mitochondrial Metabolism, Oxidative Stress, Lipid Metabolism, Autophagy, Proteostasis"
mitochondrial ATP synthesis coupled electron transport,GO:0042775,biological_process,GO:0008150,"Mitochondrial Metabolism, Oxidative Stress, Lipid Metabolism, Autophagy, Metal Binding and Homeostasis"
proton motive force-driven mitochondrial ATP synthesis,GO:0042776,biological_process,GO:0008150,"Mitochondrial Metabolism, Oxidative Stress, Proteostasis, Autophagy, Apoptosis"
tRNA 3'-end processing,GO:0042780,biological_process,GO:0008150,"RNA Spliceosome, Unknown, Epigenetic, Proteostasis, Cell Cycle"
3'-tRNA processing endoribonuclease activity,GO:0042781,molecular_function,GO:0003674,"RNA Spliceosome,Metal Binding and Homeostasis,Proteostasis,Autophagy,Endolysosome"
mRNA transcription by RNA polymerase II,GO:0042789,biological_process,GO:0008150,"Epigenetic,Cell Cycle,DNA Repair,RNA Spliceosome,Proteostasis"
nucleolar large rRNA transcription by RNA polymerase I,GO:0042790,biological_process,GO:0008150,"Epigenetic, RNA Spliceosome, Proteostasis, Autophagy, DNA Repair"
5S class rRNA transcription by RNA polymerase III,GO:0042791,biological_process,GO:0008150,"RNA Spliceosome, Epigenetic, DNA Repair, Proteostasis, Unknown"
snRNA transcription by RNA polymerase II,GO:0042795,biological_process,GO:0008150,"RNA Spliceosome, Epigenetic, Unknown, Cell Cycle, Proteostasis"
snRNA transcription by RNA polymerase III,GO:0042796,biological_process,GO:0008150,"RNA Spliceosome, Epigenetic, DNA Repair, Cell Cycle, Unknown"
tRNA transcription by RNA polymerase III,GO:0042797,biological_process,GO:0008150,"RNA Spliceosome, Proteostasis, Epigenetic, DNA Repair, Cell Cycle"
histone H4K20 methyltransferase activity,GO:0042799,molecular_function,GO:0003674,"Epigenetic, DNA Repair, Cell Cycle, Apoptosis, Structural Stabilization"
histone H3K4 methyltransferase activity,GO:0042800,molecular_function,GO:0003674,"Epigenetic, DNA Repair, Cell Cycle, Apoptosis, Proteostasis"
identical protein binding,GO:0042802,molecular_function,GO:0003674,"Proteostasis, Structural Stabilization, Cell Cycle, Epigenetic, Tau Homeostasis"
protein homodimerization activity,GO:0042803,molecular_function,GO:0003674,"Proteostasis, Structural Stabilization, Synapse, Immune Response, Apoptosis"
actinin binding,GO:0042805,molecular_function,GO:0003674,"Structural Stabilization, Proteostasis, Synapse, Lipid Metabolism, Apoptosis"
fucose binding,GO:0042806,molecular_function,GO:0003674,"Carbohydrate Metabolism, Lipid Metabolism, Mitochondrial Metabolism, Proteostasis, Unknown"
nuclear vitamin D receptor binding,GO:0042809,molecular_function,GO:0003674,"Epigenetic, Proteostasis, Lipid Metabolism, Immune Response, Vasculature"
Wnt receptor activity,GO:0042813,molecular_function,GO:0003674,"Proteostasis, Cell Cycle, Epigenetic, Immune Response, Unknown"
vitamin B6 metabolic process,GO:0042816,biological_process,GO:0008150,"Mitochondrial Metabolism, Lipid Metabolism, Proteostasis, Oxidative Stress, Metal Binding and Homeostasis"
pyridoxal metabolic process,GO:0042817,biological_process,GO:0008150,"Mitochondrial Metabolism, Lipid Metabolism, Proteostasis, Autophagy, Unknown"
pyridoxamine metabolic process,GO:0042818,biological_process,GO:0008150,"Mitochondrial Metabolism, Lipid Metabolism, Oxidative Stress, Proteostasis, Metal Binding and Homeostasis"
pyridoxal phosphate metabolic process,GO:0042822,biological_process,GO:0008150,"Mitochondrial Metabolism, Lipid Metabolism, Metal Binding and Homeostasis, Oxidative Stress, Proteostasis"
pyridoxal phosphate biosynthetic process,GO:0042823,biological_process,GO:0008150,"Mitochondrial Metabolism, Proteostasis, Lipid Metabolism, Oxidative Stress, Autophagy"
MHC class I peptide loading complex,GO:0042824,cellular_component,GO:0005575,"Immune Response, Proteostasis, Oxidative Stress, Endolysosome, Autophagy"
TAP complex,GO:0042825,cellular_component,GO:0005575,"Immune Response, Endolysosome, Proteostasis, Autophagy, APP Metabolism"
histone deacetylase binding,GO:0042826,molecular_function,GO:0003674,"Epigenetic, Proteostasis, DNA Repair, Cell Cycle, Apoptosis"
platelet dense granule,GO:0042827,cellular_component,GO:0005575,"Vasculature, Lipid Metabolism, Endolysosome, Immune Response, Synapse"
defense response to protozoan,GO:0042832,biological_process,GO:0008150,"Immune Response, Endolysosome, Autophagy, Apoptosis, Oxidative Stress"
peptidoglycan binding,GO:0042834,molecular_function,GO:0003674,"Immune Response, Endolysosome, Autophagy, Structural Stabilization, Oxidative Stress"
BRE binding,GO:0042835,molecular_function,GO:0003674,"RNA Spliceosome, Epigenetic, Metal Binding and Homeostasis, Oxidative Stress, Immune Response"
D-glucuronate catabolic process,GO:0042840,biological_process,GO:0008150,"Mitochondrial Metabolism, Endolysosome, Lipid Metabolism, Autophagy, Proteostasis"
D-xylose catabolic process,GO:0042843,biological_process,GO:0008150,"Mitochondrial Metabolism, Lipid Metabolism, Autophagy, Endolysosome, Unknown"
L-alanine metabolic process,GO:0042851,biological_process,GO:0008150,"Mitochondrial Metabolism, Proteostasis, Lipid Metabolism, Autophagy, Oxidative Stress"
L-alanine catabolic process,GO:0042853,biological_process,GO:0008150,"Mitochondrial Metabolism, Proteostasis, Oxidative Stress, Endolysosome, Metal Binding and Homeostasis"
pyruvate biosynthetic process,GO:0042866,biological_process,GO:0008150,"Mitochondrial Metabolism, Lipid Metabolism, Oxidative Stress, Autophagy, Metal Binding and Homeostasis"
pyruvate catabolic process,GO:0042867,biological_process,GO:0008150,"Mitochondrial Metabolism, Oxidative Stress, Metal Binding and Homeostasis, Lipid Metabolism, Autophagy"
D-glucuronate transmembrane transport,GO:0042874,biological_process,GO:0008150,"Lipid Metabolism, Unknown, Endolysosome, Mitochondrial Metabolism, Oxidative Stress"
D-glucuronate transmembrane transporter activity,GO:0042880,molecular_function,GO:0003674,"Lipid Metabolism, Endolysosome, Oxidative Stress, Proteostasis, Unknown"
cysteine transport,GO:0042883,biological_process,GO:0008150,"Oxidative Stress, Proteostasis, Lipid Metabolism, Metal Binding and Homeostasis, Autophagy"
amide transport,GO:0042886,biological_process,GO:0008150,"Mitochondrial Metabolism, Proteostasis, Endolysosome, Autophagy, Lipid Metabolism"
amide transmembrane transporter activity,GO:0042887,molecular_function,GO:0003674,"Mitochondrial Metabolism, Endolysosome, Proteostasis, Lipid Metabolism, Autophagy"
tubulin deacetylase activity,GO:0042903,molecular_function,GO:0003674,"Proteostasis, Structural Stabilization, Cell Cycle, Autophagy, Tau Homeostasis"
9-cis-retinoic acid biosynthetic process,GO:0042904,biological_process,GO:0008150,"Lipid Metabolism, Epigenetic, Oxidative Stress, Autophagy, Unknown"
xenobiotic transport,GO:0042908,biological_process,GO:0008150,"Endolysosome, Autophagy, Metal Binding and Homeostasis, Lipid Metabolism, Proteostasis"
xenobiotic transmembrane transporter activity,GO:0042910,molecular_function,GO:0003674,"Vasculature, Immune Response, Endolysosome, Proteostasis, Lipid Metabolism"
nuclear receptor-mediated glucocorticoid signaling pathway,GO:0042921,biological_process,GO:0008150,"Lipid Metabolism, Proteostasis, Immune Response, Epigenetic, Cell Cycle"
neuromedin U receptor binding,GO:0042922,molecular_function,GO:0003674,"Synapse, Proteostasis, Oxidative Stress, Immune Response, Vasculature"
neuropeptide binding,GO:0042923,molecular_function,GO:0003674,"Synapse, Proteostasis, Endolysosome, Immune Response, Unknown"
neuromedin U binding,GO:0042924,molecular_function,GO:0003674,"Tau Homeostasis, Oxidative Stress, Proteostasis, Autophagy, Synapse"
enterobactin transport,GO:0042930,biological_process,GO:0008150,"Metal Binding and Homeostasis, Immune Response, Oxidative Stress, Mitochondrial Metabolism, Lipid Metabolism"
enterobactin transmembrane transporter activity,GO:0042931,molecular_function,GO:0003674,"Metal Binding and Homeostasis, Immune Response, Oxidative Stress, Endolysosome, Proteostasis"
tripeptide transmembrane transporter activity,GO:0042937,molecular_function,GO:0003674,"Proteostasis, Endolysosome, Autophagy, Lipid Metabolism, Mitochondrial Metabolism"
dipeptide transport,GO:0042938,biological_process,GO:0008150,"Proteostasis, Endolysosome, Lipid Metabolism, Autophagy, Mitochondrial Metabolism"
D-alanine transmembrane transport,GO:0042941,biological_process,GO:0008150,"Lipid Metabolism, Unknown, Proteostasis, Metal Binding and Homeostasis, Autophagy"
D-serine transmembrane transport,GO:0042942,biological_process,GO:0008150,"Synapse, Proteostasis, Endolysosome, Autophagy, Lipid Metabolism"
glucoside transport,GO:0042946,biological_process,GO:0008150,"Lipid Metabolism, Proteostasis, Endolysosome, Autophagy, Mitochondrial Metabolism"
glucoside transmembrane transporter activity,GO:0042947,molecular_function,GO:0003674,"Mitochondrial Metabolism, Lipid Metabolism, Endolysosome, Proteostasis, Autophagy"
lipoprotein transport,GO:0042953,biological_process,GO:0008150,"Lipid Metabolism, Proteostasis, Endolysosome, Vasculature, Autophagy"
nuclear retinoic acid receptor binding,GO:0042974,molecular_function,GO:0003674,"Epigenetic, Lipid Metabolism, Cell Cycle, Proteostasis, Autophagy"
peroxisome proliferator activated receptor binding,GO:0042975,molecular_function,GO:0003674,"Mitochondrial Metabolism, Lipid Metabolism, Oxidative Stress, Immune Response, Autophagy"
activation of Janus kinase activity,GO:0042976,biological_process,GO:0008150,"ERROR: Error code: 400 - {'error': {'message': ""The length of your prompt exceeds the model's max input limit 65536. Please reduce the length of your prompt and try again."", 'type': 'invalid_request_error', 'param': None, 'code': 'invalid_request_error'}}"
ornithine decarboxylase activator activity,GO:0042978,molecular_function,GO:0003674,"Cell Cycle, Proteostasis, Apoptosis, Oxidative Stress, Autophagy"
regulation of apoptotic process,GO:0042981,biological_process,GO:0008150,"Apoptosis, Cell Cycle, Proteostasis, Autophagy, Oxidative Stress"
amyloid precursor protein metabolic process,GO:0042982,biological_process,GO:0008150,"APP Metabolism, Proteostasis, Tau Homeostasis, Oxidative Stress, Endolysosome"
amyloid precursor protein biosynthetic process,GO:0042983,biological_process,GO:0008150,"APP Metabolism, Proteostasis, Tau Homeostasis, Lipid Metabolism, Endolysosome"
regulation of amyloid precursor protein biosynthetic process,GO:0042984,biological_process,GO:0008150,"APP Metabolism, Proteostasis, Synapse, Endolysosome, Lipid Metabolism"
negative regulation of amyloid precursor protein biosynthetic process,GO:0042985,biological_process,GO:0008150,"APP Metabolism  
Proteostasis  
Protein Synthesis and Modification  
Cell Signaling and Communication  
Neurodegeneration"
positive regulation of amyloid precursor protein biosynthetic process,GO:0042986,biological_process,GO:0008150,"APP Metabolism
Proteostasis
Metal Binding and Homeostasis
Endolysosome
Synapse"
amyloid precursor protein catabolic process,GO:0042987,biological_process,GO:0008150,"APP Metabolism, Proteostasis, Endolysosome, Autophagy, Lipid Metabolism"
X11-like protein binding,GO:0042988,molecular_function,GO:0003674,"Synapse, Proteostasis, Endolysosome, APP Metabolism, Tau Homeostasis"
cell projection,GO:0042995,cellular_component,GO:0005575,"Synapse, Structural Stabilization, Myelination, Tau Homeostasis, APP Metabolism"
regulation of Golgi to plasma membrane protein transport,GO:0042996,biological_process,GO:0008150,"Proteostasis, Synapse, Endolysosome, Autophagy, APP Metabolism"
negative regulation of Golgi to plasma membrane protein transport,GO:0042997,biological_process,GO:0008150,"ERROR: Error code: 400 - {'error': {'message': ""The length of your prompt exceeds the model's max input limit 65536. Please reduce the length of your prompt and try again."", 'type': 'invalid_request_error', 'param': None, 'code': 'invalid_request_error'}}"
positive regulation of Golgi to plasma membrane protein transport,GO:0042998,biological_process,GO:0008150,"ERROR: Error code: 400 - {'error': {'message': ""The length of your prompt exceeds the model's max input limit 65536. Please reduce the length of your prompt and try again."", 'type': 'invalid_request_error', 'param': None, 'code': 'invalid_request_error'}}"
Golgi to plasma membrane protein transport,GO:0043001,biological_process,GO:0008150,"Proteostasis, Endolysosome, Autophagy, Synapse, APP Metabolism"
neuron projection,GO:0043005,cellular_component,GO:0005575,"Synapse, Structural Stabilization, Myelination, Endolysosome, Tau Homeostasis"
maintenance of rDNA,GO:0043007,biological_process,GO:0008150,"DNA Repair, Epigenetic, Cell Cycle, Proteostasis, Autophagy"
ATP-dependent protein binding,GO:0043008,molecular_function,GO:0003674,"Proteostasis,Autophagy,DNA Repair,Epigenetic,Cell Cycle"
chordate embryonic development,GO:0043009,biological_process,GO:0008150,"Cell Cycle, Epigenetic, Structural Stabilization, Autophagy, Vasculature"
camera-type eye development,GO:0043010,biological_process,GO:0008150,"Structural Stabilization, Synapse, Cell Cycle, Autophagy, Proteostasis"
myeloid dendritic cell differentiation,GO:0043011,biological_process,GO:0008150,"Immune Response, Autophagy, Endolysosome, Apoptosis, Cell Cycle"
regulation of fusion of sperm to egg plasma membrane,GO:0043012,biological_process,GO:0008150,"Structural Stabilization, Proteostasis, Lipid Metabolism, Synapse, Endolysosome"
alpha-tubulin binding,GO:0043014,molecular_function,GO:0003674,"Structural Stabilization, Cell Cycle, Proteostasis, Autophagy, Apoptosis"
gamma-tubulin binding,GO:0043015,molecular_function,GO:0003674,"Cell Cycle, Structural Stabilization, Proteostasis, Tau Homeostasis, Autophagy"
NADPH oxidase complex,GO:0043020,cellular_component,GO:0005575,"Oxidative Stress, Immune Response, Proteostasis, Vasculature, Endolysosome"
ribonucleoprotein complex binding,GO:0043021,molecular_function,GO:0003674,"RNA Spliceosome, Proteostasis, Structural Stabilization, Epigenetic, Cell Cycle"
ribosome binding,GO:0043022,molecular_function,GO:0003674,"Proteostasis, Structural Stabilization, Mitochondrial Metabolism, Autophagy, Apoptosis"
ribosomal large subunit binding,GO:0043023,molecular_function,GO:0003674,"Proteostasis, Structural Stabilization, RNA Spliceosome, Cell Cycle, Unknown"
ribosomal small subunit binding,GO:0043024,molecular_function,GO:0003674,"Proteostasis, Unknown, Unknown, Unknown, Unknown"
neuronal cell body,GO:0043025,cellular_component,GO:0005575,"Synapse, Proteostasis, Tau Homeostasis, Autophagy, Apoptosis"
cysteine-type endopeptidase inhibitor activity involved in apoptotic process,GO:0043027,molecular_function,GO:0003674,"Apoptosis, Proteostasis, Oxidative Stress, Autophagy, Metal Binding and Homeostasis"
cysteine-type endopeptidase regulator activity involved in apoptotic process,GO:0043028,molecular_function,GO:0003674,"Apoptosis, Proteostasis, Autophagy, Cell Cycle, Immune Response"
T cell homeostasis,GO:0043029,biological_process,GO:0008150,"Immune Response, Apoptosis, Cell Cycle, Autophagy, Endolysosome"
regulation of macrophage activation,GO:0043030,biological_process,GO:0008150,"Immune Response, Apoptosis, Proteostasis, Autophagy, Cell Cycle"
negative regulation of macrophage activation,GO:0043031,biological_process,GO:0008150,"Immune Response, Apoptosis, Endolysosome, Autophagy, Proteostasis"
positive regulation of macrophage activation,GO:0043032,biological_process,GO:0008150,"Immune Response, Endolysosome, Apoptosis, Autophagy, Oxidative Stress"
isoamylase complex,GO:0043033,cellular_component,GO:0005575,"Unknown, Proteostasis, Mitochondrial Metabolism, Lipid Metabolism, Endolysosome"
costamere,GO:0043034,cellular_component,GO:0005575,"Structural Stabilization, Proteostasis, Synapse, Apoptosis, Unknown"
chromatin insulator sequence binding,GO:0043035,molecular_function,GO:0003674,"Epigenetic, DNA Repair, Cell Cycle, Structural Stabilization, Unknown"
tRNA aminoacylation,GO:0043039,biological_process,GO:0008150,"RNA Spliceosome, Proteostasis, Mitochondrial Metabolism, Metal Binding and Homeostasis, Autophagy"
amino acid activation for nonribosomal peptide biosynthetic process,GO:0043041,biological_process,GO:0008150,"Proteostasis, Lipid Metabolism, Mitochondrial Metabolism, APP Metabolism, Autophagy"
peptide biosynthetic process,GO:0043043,biological_process,GO:0008150,"Proteostasis, APP Metabolism, Mitochondrial Metabolism, Lipid Metabolism, Autophagy"
epigenetic programming of gene expression,GO:0043045,biological_process,GO:0008150,"Epigenetic, DNA Repair, Cell Cycle, Metal Binding and Homeostasis, Oxidative Stress"
single-stranded telomeric DNA binding,GO:0043047,molecular_function,GO:0003674,"DNA Repair, Cell Cycle, Structural Stabilization, Epigenetic, Apoptosis"
dolichyl monophosphate biosynthetic process,GO:0043048,biological_process,GO:0008150,"Lipid Metabolism, Mitochondrial Metabolism, Endolysosome, Metal Binding and Homeostasis, Proteostasis"
otic placode formation,GO:0043049,biological_process,GO:0008150,"Unknown, Epigenetic, Cell Cycle, Structural Stabilization, Proteostasis"
thermotaxis,GO:0043052,biological_process,GO:0008150,"Oxidative Stress, Mitochondrial Metabolism, Proteostasis, Synapse, Unknown"
meiotic metaphase I homologous chromosome alignment,GO:0043060,biological_process,GO:0008150,"Cell Cycle, DNA Repair, Epigenetic, Proteostasis, Structural Stabilization"
extracellular structure organization,GO:0043062,biological_process,GO:0008150,"Structural Stabilization, Vasculature, Synapse, Immune Response, Proteostasis"
intercellular bridge organization,GO:0043063,biological_process,GO:0008150,"Structural Stabilization, Synapse, Cell Cycle, Proteostasis, Unknown"
positive regulation of apoptotic process,GO:0043065,biological_process,GO:0008150,"Apoptosis, Cell Cycle, Oxidative Stress, Immune Response, Proteostasis"
negative regulation of apoptotic process,GO:0043066,biological_process,GO:0008150,"Apoptosis, Proteostasis, Autophagy, Cell Cycle, Oxidative Stress"
regulation of programmed cell death,GO:0043067,biological_process,GO:0008150,"Apoptosis, Autophagy, Mitochondrial Metabolism, Proteostasis, Oxidative Stress"
positive regulation of programmed cell death,GO:0043068,biological_process,GO:0008150,"Apoptosis, Autophagy, Proteostasis, Oxidative Stress, Immune Response"
negative regulation of programmed cell death,GO:0043069,biological_process,GO:0008150,"Apoptosis, Autophagy, Proteostasis, Oxidative Stress, Cell Cycle"
germ cell nucleus,GO:0043073,cellular_component,GO:0005575,"Cell Cycle, Epigenetic, DNA Repair, Structural Stabilization, Apoptosis"
megasporocyte nucleus,GO:0043076,cellular_component,GO:0005575,"Structural Stabilization, Cell Cycle, Epigenetic, DNA Repair, Proteostasis"
synaptic cleft,GO:0043083,cellular_component,GO:0005575,"Synapse, Structural Stabilization, Endolysosome, Proteostasis, Autophagy"
penile erection,GO:0043084,biological_process,GO:0008150,"Vasculature, Synapse, Lipid Metabolism, Myelination, Mitochondrial Metabolism"
positive regulation of catalytic activity,GO:0043085,biological_process,GO:0008150,"Proteostasis, Lipid Metabolism, Oxidative Stress, Autophagy, Metal Binding and Homeostasis"
negative regulation of catalytic activity,GO:0043086,biological_process,GO:0008150,"Proteostasis, Oxidative Stress, Apoptosis, Autophagy, Metal Binding and Homeostasis"
regulation of GTPase activity,GO:0043087,biological_process,GO:0008150,"Proteostasis, Synapse, Immune Response, Endolysosome, Autophagy"
amino acid import,GO:0043090,biological_process,GO:0008150,"Proteostasis, Cell Cycle, Myelination, Vasculature, Immune Response"
pyrimidine nucleoside salvage,GO:0043097,biological_process,GO:0008150,"Mitochondrial Metabolism, Unknown, Lipid Metabolism, Proteostasis, Autophagy"
purine-containing compound salvage,GO:0043101,biological_process,GO:0008150,"Mitochondrial Metabolism, Autophagy, Proteostasis, Lipid Metabolism, Oxidative Stress"
hypoxanthine salvage,GO:0043103,biological_process,GO:0008150,"Mitochondrial Metabolism, Oxidative Stress, Metal Binding and Homeostasis, Proteostasis, Lipid Metabolism"
replication fork arrest,GO:0043111,biological_process,GO:0008150,"DNA Repair, Cell Cycle, Proteostasis, Epigenetic, Unknown"
receptor metabolic process,GO:0043112,biological_process,GO:0008150,"Proteostasis, Endolysosome, Autophagy, Synapse, Lipid Metabolism"
receptor clustering,GO:0043113,biological_process,GO:0008150,"Synapse, Proteostasis, Structural Stabilization, Endolysosome, Vasculature"
regulation of vascular permeability,GO:0043114,biological_process,GO:0008150,"Vasculature, Immune Response, Oxidative Stress, Lipid Metabolism, Proteostasis"
negative regulation of vascular permeability,GO:0043116,biological_process,GO:0008150,"Vasculature, Immune Response, Structural Stabilization, Oxidative Stress, Proteostasis"
positive regulation of vascular permeability,GO:0043117,biological_process,GO:0008150,"Vasculature, Immune Response, Oxidative Stress, Lipid Metabolism, Structural Stabilization"
tumor necrosis factor binding,GO:0043120,molecular_function,GO:0003674,"Immune Response, Apoptosis, Proteostasis, Endolysosome, Lipid Metabolism"
neurotrophin binding,GO:0043121,molecular_function,GO:0003674,"Apoptosis, Synapse, Proteostasis, Endolysosome, Autophagy"
regulation of canonical NF-kappaB signal transduction,GO:0043122,biological_process,GO:0008150,"Immune Response, Apoptosis, Oxidative Stress, Proteostasis, Autophagy"
positive regulation of canonical NF-kappaB signal transduction,GO:0043123,biological_process,GO:0008150,"Immune Response, Oxidative Stress, Apoptosis, Proteostasis, Autophagy"
negative regulation of canonical NF-kappaB signal transduction,GO:0043124,biological_process,GO:0008150,"Immune Response, Apoptosis, Oxidative Stress, Proteostasis, Autophagy"
ErbB-3 class receptor binding,GO:0043125,molecular_function,GO:0003674,"Cell Cycle, Apoptosis, Immune Response, Vasculature, Proteostasis"
surfactant homeostasis,GO:0043129,biological_process,GO:0008150,"Lipid Metabolism, Proteostasis, Endolysosome, Autophagy, Oxidative Stress"
ubiquitin binding,GO:0043130,molecular_function,GO:0003674,"Proteostasis, Autophagy, Endolysosome, Apoptosis, Cell Cycle"
erythrocyte enucleation,GO:0043131,biological_process,GO:0008150,"Immune Response, Apoptosis, Cell Cycle, Structural Stabilization, Endolysosome"
NAD transport,GO:0043132,biological_process,GO:0008150,"Mitochondrial Metabolism, Oxidative Stress, Proteostasis, Lipid Metabolism, Autophagy"
regulation of hindgut contraction,GO:0043134,biological_process,GO:0008150,"Vasculature, Synapse, Metal Binding and Homeostasis, Proteostasis, Autophagy"
glycerol-3-phosphatase activity,GO:0043136,molecular_function,GO:0003674,"Lipid Metabolism, Mitochondrial Metabolism, Metal Binding and Homeostasis, Oxidative Stress, Autophagy"
"DNA replication, removal of RNA primer",GO:0043137,biological_process,GO:0008150,"DNA Repair, Cell Cycle, RNA Spliceosome, Autophagy, Endolysosome"
3'-5' DNA helicase activity,GO:0043138,molecular_function,GO:0003674,"DNA Repair, Cell Cycle, Epigenetic, Mitochondrial Metabolism, Oxidative Stress"
5'-3' DNA helicase activity,GO:0043139,molecular_function,GO:0003674,"DNA Repair, Cell Cycle, Metal Binding and Homeostasis, Oxidative Stress, Epigenetic"
regulation of translation by machinery localization,GO:0043143,biological_process,GO:0008150,"Proteostasis, Structural Stabilization, Synapse, Cellular Process, Autophagy"
stress fiber assembly,GO:0043149,biological_process,GO:0008150,"Structural Stabilization, Proteostasis, Cell Cycle, Autophagy, Lipid Metabolism"
induction of bacterial agglutination,GO:0043152,biological_process,GO:0008150,"Immune Response, Oxidative Stress, Autophagy, Apoptosis, Endolysosome"
entrainment of circadian clock by photoperiod,GO:0043153,biological_process,GO:0008150,"Epigenetic, Cell Cycle, Synapse, Autophagy, Oxidative Stress"
acrosomal matrix,GO:0043159,cellular_component,GO:0005575,"Structural Stabilization, Proteostasis, Endolysosome, Autophagy, Apoptosis"
acrosomal lumen,GO:0043160,cellular_component,GO:0005575,"Endolysosome, Proteostasis, Autophagy, Apoptosis, Structural Stabilization"
proteasome-mediated ubiquitin-dependent protein catabolic process,GO:0043161,biological_process,GO:0008150,"Proteostasis, Autophagy, Apoptosis, Endolysosome, Oxidative Stress"
ubiquitin-dependent protein catabolic process via the multivesicular body sorting pathway,GO:0043162,biological_process,GO:0008150,"Proteostasis, Endolysosome, Autophagy, Immune Response, Lipid Metabolism"
cell envelope organization,GO:0043163,biological_process,GO:0008150,"Structural Stabilization, Proteostasis, Lipid Metabolism, Cell Cycle, Oxidative Stress"
anion binding,GO:0043168,molecular_function,GO:0003674,"Metal Binding and Homeostasis, Proteostasis, Lipid Metabolism, Oxidative Stress, Unknown"
cation binding,GO:0043169,molecular_function,GO:0003674,"Metal Binding and Homeostasis, Oxidative Stress, Proteostasis, Lipid Metabolism, Endolysosome"
macromolecule metabolic process,GO:0043170,biological_process,GO:0008150,"Proteostasis, Lipid Metabolism, Autophagy, Epigenetic, DNA Repair"
peptide catabolic process,GO:0043171,biological_process,GO:0008150,"Proteostasis, Autophagy, Endolysosome, Apoptosis, Lipid Metabolism"
nucleoside salvage,GO:0043174,biological_process,GO:0008150,"Mitochondrial Metabolism, Endolysosome, Autophagy, Lipid Metabolism, RNA Spliceosome"
RNA polymerase core enzyme binding,GO:0043175,molecular_function,GO:0003674,"Epigenetic, DNA Repair, Proteostasis, Cell Cycle, Structural Stabilization"
amine binding,GO:0043176,molecular_function,GO:0003674,"Metal Binding and Homeostasis, Lipid Metabolism, Epigenetic, Proteostasis, Synapse"
alcohol binding,GO:0043178,molecular_function,GO:0003674,"Metal Binding and Homeostasis, Lipid Metabolism, Proteostasis, Unknown, Oxidative Stress"
rhythmic excitation,GO:0043179,biological_process,GO:0008150,"Synapse, Structural Stabilization, Proteostasis, Autophagy, Endolysosome"
vacuolar sequestering,GO:0043181,biological_process,GO:0008150,"Endolysosome, Autophagy, Proteostasis, Lipid Metabolism, Tau Homeostasis"
vascular endothelial growth factor receptor 1 binding,GO:0043183,molecular_function,GO:0003674,"Vasculature, Immune Response, Proteostasis, Lipid Metabolism, Oxidative Stress"
vascular endothelial growth factor receptor 2 binding,GO:0043184,molecular_function,GO:0003674,"Vasculature, Immune Response, Endolysosome, Proteostasis, Oxidative Stress"
vascular endothelial growth factor receptor 3 binding,GO:0043185,molecular_function,GO:0003674,"Vasculature, Immune Response, Proteostasis, Cell Cycle, Endolysosome"
P granule,GO:0043186,cellular_component,GO:0005575,"Proteostasis, RNA Spliceosome, Epigenetic, Autophagy, Cell Cycle"
H4/H2A histone acetyltransferase complex,GO:0043189,cellular_component,GO:0005575,"Epigenetic, DNA Repair, Proteostasis, Cell Cycle, Autophagy"
ATP-binding cassette (ABC) transporter complex,GO:0043190,cellular_component,GO:0005575,"Lipid Metabolism, Immune Response, Metal Binding and Homeostasis, APP Metabolism, Myelination"
axon initial segment,GO:0043194,cellular_component,GO:0005575,"Structural Stabilization, Synapse, Tau Homeostasis, Proteostasis, Autophagy"
terminal bouton,GO:0043195,cellular_component,GO:0005575,"Synapse, Proteostasis, Endolysosome, Structural Stabilization, Myelination"
varicosity,GO:0043196,cellular_component,GO:0005575,"Synapse, Structural Stabilization, Myelination, Endolysosome, Proteostasis"
dendritic spine,GO:0043197,cellular_component,GO:0005575,"Synapse, Structural Stabilization, Proteostasis, Endolysosome, Lipid Metabolism"
dendritic shaft,GO:0043198,cellular_component,GO:0005575,"Synapse, Structural Stabilization, Proteostasis, Tau Homeostasis, Endolysosome"
sulfate binding,GO:0043199,molecular_function,GO:0003674,"Metal Binding and Homeostasis, Lipid Metabolism, Structural Stabilization, Myelination, Endolysosome"
response to amino acid,GO:0043200,biological_process,GO:0008150,"Proteostasis, Mitochondrial Metabolism, Autophagy, Endolysosome, Apoptosis"
response to L-leucine,GO:0043201,biological_process,GO:0008150,"Mitochondrial Metabolism, Proteostasis, Autophagy, Lipid Metabolism, Endolysosome"
lysosomal lumen,GO:0043202,cellular_component,GO:0005575,"Endolysosome, Autophagy, Proteostasis, Lipid Metabolism, Immune Response"
axon hillock,GO:0043203,cellular_component,GO:0005575,"Synapse, Structural Stabilization, Myelination, Endolysosome, Proteostasis"
perikaryon,GO:0043204,cellular_component,GO:0005575,"Structural Stabilization, Proteostasis, Synapse, Endolysosome, Autophagy"
response to external biotic stimulus,GO:0043207,biological_process,GO:0008150,"Immune Response, Oxidative Stress, Apoptosis, Autophagy, Endolysosome"
glycosphingolipid binding,GO:0043208,molecular_function,GO:0003674,"Lipid Metabolism, Structural Stabilization, Endolysosome, Autophagy, Myelination"
myelin sheath,GO:0043209,cellular_component,GO:0005575,"Myelination, Structural Stabilization, Synapse, Lipid Metabolism, Proteostasis"
daunorubicin transport,GO:0043215,biological_process,GO:0008150,"Endolysosome, Autophagy, Mitochondrial Metabolism, Oxidative Stress, Proteostasis"
myelin maintenance,GO:0043217,biological_process,GO:0008150,"Myelination, Structural Stabilization, Synapse, Lipid Metabolism, Endolysosome"
compact myelin,GO:0043218,cellular_component,GO:0005575,"Myelination, Structural Stabilization, Lipid Metabolism, Synapse, Unknown"
lateral loop,GO:0043219,cellular_component,GO:0005575,"Myelination, Structural Stabilization, Synapse, Lipid Metabolism, Endolysosome"
Schmidt-Lanterman incisure,GO:0043220,cellular_component,GO:0005575,"Myelination, Synapse, Structural Stabilization, Endolysosome, Unknown"
SMC family protein binding,GO:0043221,molecular_function,GO:0003674,"Cell Cycle, Structural Stabilization, DNA Repair, Epigenetic, Proteostasis"
ATPase-coupled inorganic anion transmembrane transporter activity,GO:0043225,molecular_function,GO:0003674,"Mitochondrial Metabolism, Endolysosome, Lipid Metabolism, Vasculature, Oxidative Stress"
organelle,GO:0043226,cellular_component,GO:0005575,"Mitochondrial Metabolism, Endolysosome, Autophagy, Proteostasis, Lipid Metabolism"
membraneless organelle,GO:0043228,cellular_component,GO:0005575,"Structural Stabilization, Proteostasis, RNA Spliceosome, Epigenetic, DNA Repair"
intracellular organelle,GO:0043229,cellular_component,GO:0005575,"Mitochondrial Metabolism, Endolysosome, Autophagy, Proteostasis, Apoptosis"
intracellular membrane-bounded organelle,GO:0043231,cellular_component,GO:0005575,"Mitochondrial Metabolism, Endolysosome, Autophagy, Proteostasis, Lipid Metabolism"
intracellular membraneless organelle,GO:0043232,cellular_component,GO:0005575,"RNA Spliceosome, Cell Cycle, Epigenetic, Proteostasis, Structural Stabilization"
receptor complex,GO:0043235,cellular_component,GO:0005575,"Synapse, Immune Response, Proteostasis, Apoptosis, Cell Cycle"
laminin binding,GO:0043236,molecular_function,GO:0003674,"Structural Stabilization, Vasculature, Proteostasis, Immune Response, Endolysosome"
laminin-1 binding,GO:0043237,molecular_function,GO:0003674,"Structural Stabilization, Vasculature, Proteostasis, APP Metabolism, Unknown"
Fanconi anaemia nuclear complex,GO:0043240,cellular_component,GO:0005575,"DNA Repair, Proteostasis, Cell Cycle, Epigenetic, Apoptosis"
negative regulation of protein-containing complex disassembly,GO:0043242,biological_process,GO:0008150,"Proteostasis, Structural Stabilization, Autophagy, Apoptosis, Endolysosome"
positive regulation of protein-containing complex disassembly,GO:0043243,biological_process,GO:0008150,"Proteostasis, Autophagy, Apoptosis, Endolysosome, Structural Stabilization"
regulation of protein-containing complex disassembly,GO:0043244,biological_process,GO:0008150,"Proteostasis, Autophagy, Apoptosis, Endolysosome, Structural Stabilization"
telomere maintenance in response to DNA damage,GO:0043247,biological_process,GO:0008150,"DNA Repair, Cell Cycle, Apoptosis, Oxidative Stress, Epigenetic"
proteasome assembly,GO:0043248,biological_process,GO:0008150,"Proteostasis, Autophagy, Endolysosome, Apoptosis, Cell Cycle"
erythrocyte maturation,GO:0043249,biological_process,GO:0008150,"Autophagy
Lipid Metabolism
Structural Stabilization
Metal Binding and Homeostasis
Oxidative Stress"
sodium-dependent organic anion transmembrane transporter activity,GO:0043250,molecular_function,GO:0003674,"Lipid Metabolism, Endolysosome, Mitochondrial Metabolism, Proteostasis, Autophagy"
sodium-dependent organic anion transport,GO:0043251,biological_process,GO:0008150,"Lipid Metabolism, Vasculature, Endolysosome, Mitochondrial Metabolism, Proteostasis"
sodium-independent organic anion transport,GO:0043252,biological_process,GO:0008150,"Vasculature, Endolysosome, Proteostasis, Lipid Metabolism, Immune Response"
regulation of protein-containing complex assembly,GO:0043254,biological_process,GO:0008150,"Proteostasis, Structural Stabilization, Autophagy, Endolysosome, Apoptosis"
laminin complex,GO:0043256,cellular_component,GO:0005575,"Structural Stabilization, Vasculature, Myelination, Proteostasis, Metal Binding and Homeostasis"
laminin-8 complex,GO:0043257,cellular_component,GO:0005575,"Structural Stabilization, Vasculature, Immune Response, Proteostasis, Cell Cycle"
laminin-10 complex,GO:0043259,cellular_component,GO:0005575,"Structural Stabilization, Vasculature, Proteostasis, Synapse, Immune Response"
laminin-11 complex,GO:0043260,cellular_component,GO:0005575,"Structural Stabilization, Vasculature, Proteostasis, Endolysosome, Cell Cycle"
ADP phosphatase activity,GO:0043262,molecular_function,GO:0003674,"Mitochondrial Metabolism, Proteostasis, Oxidative Stress, Apoptosis, Lipid Metabolism"
regulation of potassium ion transport,GO:0043266,biological_process,GO:0008150,"Metal Binding and Homeostasis, Mitochondrial Metabolism, Oxidative Stress, Apoptosis, Lipid Metabolism"
negative regulation of potassium ion transport,GO:0043267,biological_process,GO:0008150,"Metal Binding and Homeostasis, Oxidative Stress, Mitochondrial Metabolism, Proteostasis, Synapse"
positive regulation of potassium ion transport,GO:0043268,biological_process,GO:0008150,"Metal Binding and Homeostasis, Oxidative Stress, Apoptosis, Synapse, Vasculature"
regulation of monoatomic ion transport,GO:0043269,biological_process,GO:0008150,"Metal Binding and Homeostasis, Oxidative Stress, Proteostasis, Mitochondrial Metabolism, Endolysosome"
positive regulation of monoatomic ion transport,GO:0043270,biological_process,GO:0008150,"Metal Binding and Homeostasis, Mitochondrial Metabolism, Synapse, Vasculature, Endolysosome"
negative regulation of monoatomic ion transport,GO:0043271,biological_process,GO:0008150,"Metal Binding and Homeostasis, Mitochondrial Metabolism, Endolysosome, Synapse, Vasculature"
CTPase activity,GO:0043273,molecular_function,GO:0003674,"Mitochondrial Metabolism, Lipid Metabolism, Proteostasis, Metal Binding and Homeostasis, Autophagy"
phospholipase binding,GO:0043274,molecular_function,GO:0003674,"Lipid Metabolism, Proteostasis, Synapse, Endolysosome, APP Metabolism"
anoikis,GO:0043276,biological_process,GO:0008150,"Apoptosis, Proteostasis, Cell Cycle, Oxidative Stress, Autophagy"
apoptotic cell clearance,GO:0043277,biological_process,GO:0008150,"Apoptosis, Immune Response, Endolysosome, Proteostasis, Autophagy"
response to morphine,GO:0043278,biological_process,GO:0008150,"Oxidative Stress, Apoptosis, Immune Response, Proteostasis, Endolysosome"
response to alkaloid,GO:0043279,biological_process,GO:0008150,"Synapse, Cell Cycle, Apoptosis, Oxidative Stress, Autophagy"
RAVE complex,GO:0043291,cellular_component,GO:0005575,"Endolysosome, Proteostasis, Autophagy, Mitochondrial Metabolism, Oxidative Stress"
contractile muscle fiber,GO:0043292,cellular_component,GO:0005575,"Structural Stabilization, Proteostasis, Mitochondrial Metabolism, Autophagy, Synapse"
apoptosome,GO:0043293,cellular_component,GO:0005575,"Apoptosis, Proteostasis, Cell Cycle, Mitochondrial Metabolism, Oxidative Stress"
glutathione binding,GO:0043295,molecular_function,GO:0003674,"Oxidative Stress, Mitochondrial Metabolism, Metal Binding and Homeostasis, Lipid Metabolism, Proteostasis"
apical junction complex,GO:0043296,cellular_component,GO:0005575,"Structural Stabilization, Vasculature, Synapse, Immune Response, Proteostasis"
apical junction assembly,GO:0043297,biological_process,GO:0008150,"Structural Stabilization, Proteostasis, Endolysosome, Apoptosis, Autophagy"
leukocyte degranulation,GO:0043299,biological_process,GO:0008150,"Immune Response, Endolysosome, Proteostasis, Vasculature, Autophagy"
mast cell degranulation,GO:0043303,biological_process,GO:0008150,"Immune Response, Endolysosome, Proteostasis, Vasculature, Autophagy"
regulation of mast cell degranulation,GO:0043304,biological_process,GO:0008150,"Immune Response, Endolysosome, Proteostasis, Autophagy, Apoptosis"
negative regulation of mast cell degranulation,GO:0043305,biological_process,GO:0008150,"ERROR: Error code: 400 - {'error': {'message': ""The length of your prompt exceeds the model's max input limit 65536. Please reduce the length of your prompt and try again."", 'type': 'invalid_request_error', 'param': None, 'code': 'invalid_request_error'}}"
positive regulation of mast cell degranulation,GO:0043306,biological_process,GO:0008150,"ERROR: Error code: 400 - {'error': {'message': ""The length of your prompt exceeds the model's max input limit 65536. Please reduce the length of your prompt and try again."", 'type': 'invalid_request_error', 'param': None, 'code': 'invalid_request_error'}}"
eosinophil degranulation,GO:0043308,biological_process,GO:0008150,"Immune Response, Endolysosome, Proteostasis, Autophagy, Apoptosis"
negative regulation of eosinophil degranulation,GO:0043310,biological_process,GO:0008150,"ERROR: Error code: 400 - {'error': {'message': ""The length of your prompt exceeds the model's max input limit 65536. Please reduce the length of your prompt and try again."", 'type': 'invalid_request_error', 'param': None, 'code': 'invalid_request_error'}}"
positive regulation of eosinophil degranulation,GO:0043311,biological_process,GO:0008150,"ERROR: Error code: 400 - {'error': {'message': ""The length of your prompt exceeds the model's max input limit 65536. Please reduce the length of your prompt and try again."", 'type': 'invalid_request_error', 'param': None, 'code': 'invalid_request_error'}}"
neutrophil degranulation,GO:0043312,biological_process,GO:0008150,"Immune Response, Endolysosome, Proteostasis, Autophagy, Lipid Metabolism"
regulation of neutrophil degranulation,GO:0043313,biological_process,GO:0008150,"Immune Response, Endolysosome, Autophagy, Proteostasis, Apoptosis"
negative regulation of neutrophil degranulation,GO:0043314,biological_process,GO:0008150,"ERROR: Error code: 400 - {'error': {'message': ""The length of your prompt exceeds the model's max input limit 65536. Please reduce the length of your prompt and try again."", 'type': 'invalid_request_error', 'param': None, 'code': 'invalid_request_error'}}"
positive regulation of neutrophil degranulation,GO:0043315,biological_process,GO:0008150,"ERROR: Error code: 400 - {'error': {'message': ""The length of your prompt exceeds the model's max input limit 65536. Please reduce the length of your prompt and try again."", 'type': 'invalid_request_error', 'param': None, 'code': 'invalid_request_error'}}"
cytotoxic T cell degranulation,GO:0043316,biological_process,GO:0008150,"Immune Response, Endolysosome, Proteostasis, Apoptosis, Cell Cycle"
negative regulation of cytotoxic T cell degranulation,GO:0043318,biological_process,GO:0008150,"ERROR: Error code: 400 - {'error': {'message': ""The length of your prompt exceeds the model's max input limit 65536. Please reduce the length of your prompt and try again."", 'type': 'invalid_request_error', 'param': None, 'code': 'invalid_request_error'}}"
natural killer cell degranulation,GO:0043320,biological_process,GO:0008150,"Immune Response, Apoptosis, Endolysosome, Proteostasis, Autophagy"
negative regulation of natural killer cell degranulation,GO:0043322,biological_process,GO:0008150,"ERROR: Error code: 400 - {'error': {'message': ""The length of your prompt exceeds the model's max input limit 65536. Please reduce the length of your prompt and try again."", 'type': 'invalid_request_error', 'param': None, 'code': 'invalid_request_error'}}"
positive regulation of natural killer cell degranulation,GO:0043323,biological_process,GO:0008150,"ERROR: Error code: 400 - {'error': {'message': ""The length of your prompt exceeds the model's max input limit 65536. Please reduce the length of your prompt and try again."", 'type': 'invalid_request_error', 'param': None, 'code': 'invalid_request_error'}}"
"phosphatidylinositol-3,4-bisphosphate binding",GO:0043325,molecular_function,GO:0003674,"Lipid Metabolism, Endolysosome, Proteostasis, Mitochondrial Metabolism, Autophagy"
protein transport to vacuole involved in ubiquitin-dependent protein catabolic process via the multivesicular body sorting pathway,GO:0043328,biological_process,GO:0008150,"Proteostasis, Autophagy, Endolysosome, Apoptosis, Immune Response"
response to exogenous dsRNA,GO:0043330,biological_process,GO:0008150,"Immune Response, Apoptosis, Oxidative Stress, Autophagy, Proteostasis"
response to dsRNA,GO:0043331,biological_process,GO:0008150,"Immune Response, Apoptosis, Autophagy, RNA Spliceosome, Proteostasis"
protein unfolding,GO:0043335,biological_process,GO:0008150,"Proteostasis, Autophagy, Apoptosis, Endolysosome, Oxidative Stress"
cardiolipin synthase (CMP-forming),GO:0043337,molecular_function,GO:0003674,"Mitochondrial Metabolism, Lipid Metabolism, Autophagy, Apoptosis, Structural Stabilization"
enucleate erythrocyte differentiation,GO:0043353,biological_process,GO:0008150,"Immune Response, Vasculature, Cell Cycle, Lipid Metabolism, Structural Stabilization"
nucleate erythrocyte differentiation,GO:0043363,biological_process,GO:0008150,"Immune Response, Cell Cycle, Structural Stabilization, Epigenetic, Mitochondrial Metabolism"
beta selection,GO:0043366,biological_process,GO:0008150,"Immune Response, Apoptosis, Cell Cycle, Developmental Process, Epigenetic"
"CD4-positive, alpha-beta T cell differentiation",GO:0043367,biological_process,GO:0008150,"Immune Response, Cell Cycle, Apoptosis, Autophagy, Proteostasis"
positive T cell selection,GO:0043368,biological_process,GO:0008150,"Immune Response, Apoptosis, Cell Cycle, Endolysosome, Autophagy"
"CD4-positive or CD8-positive, alpha-beta T cell lineage commitment",GO:0043369,biological_process,GO:0008150,"Immune Response, Cell Cycle, Apoptosis, Autophagy, Proteostasis"
"regulation of CD4-positive, alpha-beta T cell differentiation",GO:0043370,biological_process,GO:0008150,"Immune Response, Epigenetic, Apoptosis, Cell Cycle, Autophagy"
"negative regulation of CD4-positive, alpha-beta T cell differentiation",GO:0043371,biological_process,GO:0008150,"ERROR: Error code: 400 - {'error': {'message': ""The length of your prompt exceeds the model's max input limit 65536. Please reduce the length of your prompt and try again."", 'type': 'invalid_request_error', 'param': None, 'code': 'invalid_request_error'}}"
"positive regulation of CD4-positive, alpha-beta T cell differentiation",GO:0043372,biological_process,GO:0008150,"ERROR: Error code: 400 - {'error': {'message': ""The length of your prompt exceeds the model's max input limit 65536. Please reduce the length of your prompt and try again."", 'type': 'invalid_request_error', 'param': None, 'code': 'invalid_request_error'}}"
"CD4-positive, alpha-beta T cell lineage commitment",GO:0043373,biological_process,GO:0008150,"Immune Response, Cell Cycle, Autophagy, Apoptosis, Endolysosome"
"CD8-positive, alpha-beta T cell differentiation",GO:0043374,biological_process,GO:0008150,"Immune Response, Cell Cycle, Apoptosis, Autophagy, Endolysosome"
"CD8-positive, alpha-beta T cell lineage commitment",GO:0043375,biological_process,GO:0008150,"Immune Response, Cell Cycle, Epigenetic, Apoptosis, Autophagy"
